IBD_DN,IBD_UP
ST3GAL3,WASF1
PARVB,DSC2
CD79B,CLU
PLD4,DUSP3
TMEM156,MXD1
KIF22,KREMEN1
PRF1,HIST2H2BE
EIF2B3,MPP3
KLRD1,AQP9
U2AF2,HIST1H2AM
PRKDC,HIST1H2BD
NHP2,GLUL
CNR2,MCTP2
GZMA,SOCS3
RAB37,HIST1H1C
MRM1,HIST2H2BD
IMPDH2,RNF217
CCND2,EXOC6
CTSW,SLC2A3
C12orf75,HLX
POFUT1,EDNRB
SH2D1B,ADM
SMYD5,KCNJ15
IKZF3,FAM20A
EXOSC7,ST8SIA4
MCM5,HIST1H1B
ATAD1,SGMS1
IL2RB,MT1M
FCMR,DYSF
CAMK1D,BCL2A1
PTPRCAP,NAMPT
UPK1B,PLSCR1
BPHL,PRDX5
EIF3I,ZEB2
DEPTOR,PHF21A
SUMF2,GAS6
RPL23AP53,INSL3
KLRB1,GK3P
VAV2,CD55
FCRL3,RGS2
PAICS,CHSY1
GPX4,TCEB1
OAZ2,SBNO2
ZNF529,ABHD13
PRMT5,JAK3
CHKA,ARID5B
COL9A2,VPS9D1
DAGLB,CDC42EP3
USE1,ADAM9
SLAMF6,METTL7B
ULK2,SMAD1
GZMK,TRIM25
CD247,ANXA3
KLRF1,MAFK
TRAF5,TPI1P2
IMP4,KIAA0040
C2orf44,ARNTL2
PFKL,CR1L
PMS1,HSD3B7
TBC1D10C,CSF2RB
POLR3H,ACSL1
PRKACB,C4orf32
TFAM,SDCBP
CD79A,H3F3C
OSGEPL1,FPR2
KANSL2,MT1B
GZMB,BCL6
RPL35A,GRB10
MRPS25,HSPA6
SEC11A,CR1
SFXN2,LILRB4
ZNF34,RB1
TBC1D10A,TET2
TRAP1,PIM1
S1PR1,DRAP1
QPRT,DOC2B
LARS,ZNF330
POLR2G,SLC2A14
ITM2C,TXNDC2
TTC27,CDC42BPA
IPO5,H2AFJ
DEDD2,B4GALT5
CRY2,DSE
TBCCD1,FLOT1
FAAH,NRG1
BATF3,MLLT3
NDC1,IFITM2
ST6GALNAC6,WWC3
VIPR1,CTIF
NDUFAF4,ZNF438
NT5C,FAM8A1
METAP1D,TMEM50A
CEP78,HELB
TRMT1,ADARB1
FIGNL2,ATP1B2
P2RY10,DCAF12L2
PTGIR,FAM198B
NAT10,TNFRSF18
IFNG,HIST1H2BK
PRPF19,GALC
GPR20,EGR2
COPS7B,C19orf43
MLYCD,SLC38A2
OSBPL10,PANX2
NOP2,NSF
GRWD1,MT1HL1
NUBPL,CCR1
PFAS,PPP1R3D
AFF3,MROH1
RTTN,FAM151B
ADGRG1,DUPD1
OR6C6,C1orf162
FANCD2,PTPN12
UTP20,ZFP36
HMBS,MS4A4A
STARD7-AS1,FZD5
MS4A1,PHACTR2
EXOSC10,OTUD1
ILVBL,TLR4
EXOSC5,C17orf62
PEPD,ALPL
SCARNA1,TLR7
TSPAN13,DTNBP1
TANGO6,NECAP1
KIAA1328,TRIM17
FXN,GP9
PLVAP,MGAT4A
POMGNT1,CHN2
NDRG2,MT4
NT5E,GBP2
IMMP2L,ZNF316
SAMD3,FRMD3
MDN1,TMOD2
TUBG1,C3AR1
RHOF,PLRG1
EFNB1,CXCL1
SCAI,MAP3K8
FAM86C1,LOC100130370
MTURN,ASAP2
HOOK1,CXCL8
SLC6A16,S100A11
EMD,FAM129A
ACSS1,STAU1
STOML2,ACIN1
MKKS,PGF
LY9,C18orf65
BRF2,NRAS
VN1R1,NABP1
ARSG,FBXO38
PVR,SNTB2
BBS5,MMP19
KLF12,HIST1H2AH
SAMM50,SLC39A8
PTP4A3,ARHGAP26
MGLL,ZBTB47
HEATR1,RHOQ
FGFBP2,LRCH1
VCL,GAL3ST2
FBL,CHIC2
FAM162A,BCL2L11
CD96,SERPINA1
FCRL2,PFN3
NUDCD3,SRRM3
RRP8,CLEC4E
IARS,OR10P1
METTL1,TMEM158
NR2C2AP,NLRC5
KCTD15,KRTAP5-3
CD3D,APOA4
SSR4,IQSEC3
FARSB,TLR8
KLHDC8B,ASGR1
MIR410,STK3
EARS2,HRK
TMA16,NPL
PMVK,DOCK1
GSTCD,TSHZ3
CCL5,ADO
WDR54,HIST1H4E
LYRM4,MICALL1
RBM15,MT1A
RPP30,HIST1H2BM
MTR,KIFC3
UGT3A1,MT2A
PARP2,TMEM135
CLYBL,BCAR1
SEMA7A,LRP12
TAF4B,C2orf82
MRTO4,FAS
RASGRP1,C10orf10
SPOCK2,ZNF579
RHOC,IGF2BP3
FASTKD1,LAMA5
SNED1,MT1H
PYGB,KAT2B
CD27,DNAJC1
POLD2,CD274
LBH,SMPDL3A
EMC1,SLC22A12
POLR1C,EVI2A
DHODH,LATS2
RPL35,ICAM5
RABGAP1L,HES2
MOGS,IFITM3
CMSS1,PPAP2B
NUP35,GPR27
ETS1,PSPN
POM121L2,FPR1
POLA1,GCNT1
DPH2,YIPF3
RBM19,DHFR
TPTEP1,NSRP1
TPPP3,MYL9
RPGRIP1L,PLBD2
SLC7A2,MIR323B
BCKDHB,TRPS1
GNLY,C1RL
MYBBP1A,CYS1
BRF1,HIST1H4A
TBC1D8,FYB
CD1E,MIR223
G6PC3,DPYD
MCCC2,C6orf106
SURF1,SEMA6B
ARGFX,FOSB
SYT17,IL27
ABCE1,IL15
GPBAR1,LILRB1
BCS1L,SIPA1L2
DBF4,PFKFB3
G3BP1,ZMYND15
MIR95,PIM3
CYSLTR2,WFDC12
CD1C,DNASE2
P2RY2,TNFSF13B
SFMBT2,LOC100130507
DDB1,UBAP1
CD3G,SHISA4
FAM3C,MGAM
DST,SQRDL
OR11A1,SLC4A1AP
NFATC2,GPR3
MECR,ITGA7
RPL15,ANOS1
ANKRD19P,MPPED1
SELM,PRSS16
MYBL1,SLC4A2
NECAB3,MAP10
CD19,SMARCD3
SEZ6L,ASAP1
ZNF248,APBB1IP
WNT2B,ATF6
IFT122,SOX9
S100A7,SAMSN1
NPM3,LZTS2
ESYT1,CYB5B
OCIAD2,SHISA9
CEP83,FOSL2
XPO4,RNF149
TMEM141,TOP1
IL27RA,STRADB
CHST7,RBMS1
UQCC1,PPM1M
TNFSF14,HIST1H2AB
TPK1,CTSA
PPRC1,SPDEF
COQ6,IL19
UXT,ADGRG3
SIVA1,ACTL7B
RAF1,MT1DP
RAB30,TLR1
PIGU,STAT3
OOSP2,PROK2
DDHD2,C2
SPN,PPP1R3B
ITPA,CYB5R2
NMNAT3,H1FX
BTLA,CCR2
MTA2,FCGR2A
NENF,STEAP4
LCMT1,CXCL16
NME2,NDST2
CAMK1,SERPING1
MAP4K1,TAF13
TTLL1,PARP9
SCFD2,DLG4
C11orf1,SLC31A2
TSFM,LOXL1
NAAA,FTCD
GHRL,HMX1
ARMC6,MAML2
CNGA1,MSGN1
ST8SIA6,MT1JP
EIF3G,KLF1
NEURL1,CORO6
TGFBR3,SLC26A8
CLASP2,LYPD5
COQ9,CHMP5
STON2,CYP1B1
CARD11,JUNB
RDM1,HIST1H1E
TAS2R5,ATP6V1E1
HES1,CXCR1
ALDH5A1,SLC22A17
COX10,WBP11P1
HEXA,C11orf44
COA1,NUPR1L
APOA1BP,LPAR6
ANKAR,TMEM106A
POLR3B,FAM127C
CLEC4F,MAP1LC3A
EXOC4,RHBG
MGST2,CASP7
RAB44,PVRL2
CRP,SLK
PRKCH,MT1G
AHNAK,CYTIP
FCHO1,RAB2A
GNA12,S100A9
TIMM8A,SPRY3
ECHS1,CDX1
ERCC1,FAM160B1
RPS17,LILRB2
TMEM223,MTF1
TDP1,MBD5
CCDC170,EPAS1
ALOX15B,POMP
PARM1,CNFN
TASP1,SLAMF7
CDKN2AIP,CLK2P1
GUSBP4,TNFAIP6
SCRG1,DTX3L
PDE8B,BAZ1A
SPIB,NKX3-2
SMCO2,SPATC1
COBLL1,ZFP36L1
WDR4,APOL1
NOP9,N4BP1
PHKA1,IRF2BPL
TMEM174,SPSB2
XCL1,ONECUT1
AKR1B1,XRCC4
ORC5,FZD8
MIR101-2,KLF7
CMKLR1,HPR
PLEKHG1,CREBRF
IFT46,CD5L
NFS1,FAM83H
FKTN,RAB11FIP2
RRP7A,SHISA5
DUS3L,HIST1H2BO
FANCG,ALG13
LRIG2,PRR16
FABP12,PROS1
TMEM205,MYH14
EMC9,BSX
MRPS7,STOM
IKZF1,UBE2J1
FARSA,DUSP26
XPO5,VWA5A
ZNF569,PLIN4
MORN1,CXCL2
COQ3,PTPN2
ATP8B2,ZSWIM8
FAM169A,PDK4
RRP1B,SPPL2A
NAGPA,SP100
RPL11,ACVR1
IQCK,PDP1
ESR1,NLRC4
ABI3,TNFSF10
SCARNA7,HIST1H3I
PDE8A,LINC01356
DOLPP1,PPFIA1
ARL6IP4,GPR139
HLTF,MST1R
KLRC3,DUSP1
SPNS3,Mar-01
SERPINB6,GPR65
QTRT1,ZFAND5
VPS28,ANKRD22
TMEM154,P2RY13
BRINP3,PICALM
ARHGAP31,FEZ2
PRMT1,MPDU1
CD3E,NCOA4
NDUFB11,CAPN6
SLC25A5,LMNB1
GEMIN2,ZNRF2
EPB41,DOCK4
MRPL27,COL26A1
LRPPRC,CITED1
PRKCQ,CRBN
ZNF550,TTC24
DMRT2,CLDN10
SNORA70F,TMEM45B
PRKCG,NEUROD2
PKP2,H1F0
SNX11,MYOG
TIMM44,PRG2
PHB2,CPD
CBX8,MAFB
ZC3H8,C12orf4
SPATA17,CTDP1
THNSL1,SLC25A44
IFNA16,LINC00474
TOP1MT,SYNGR2
LOC100130916,MOP-1
FPGS,ZNF219
DNAJC10,PTGER1
C15orf54,FAM171B
TSEN2,INHBA
PTGDR2,C11orf86
CSF1R,MIR139
TOMM40,SIPA1L1
SNORD46,SLC12A9
ATG14,LINC00176
RRS1,ALPK1
SPEF2,HTR6
PARP15,RBBP8NL
GUSB,HEBP2
MCCC1,MUC1
USP11,GRIN3B
YPEL1,FAM221A
RBM28,KIF26A
SND1,KCNG2
RNMTL1,FAM105A
LINC00299,RPRML
CD200R1,LILRP2
STMN1,DCTN6
FBP1,CDYL2
NOP16,ANKRD34B
GTPBP6,CBX4
XAB2,LRRC4B
NF2,SCARF1
SNORA76A,TMEM63B
OLFML1,MTHFD2
KNOP1,KLHL2
SPATA5,TBC1D14
TBC1D19,LOC642648
SPRED1,FLNC
USP26,MAPK1IP1L
IL16,DRAM1
HMGXB3,KISS1
CKAP5,KLHL12
CD200R1L,EGR3
RNF113A,TCF24
ASB6,PDCD1
PAQR7,MAP1LC3B
NUP160,ADAM19
C5orf63,HPCA
GPI,VAMP5
DTHD1,FCN2
IFT172,DAPK2
STRIP1,RCVRN
TGFBI,UBE2R2
AAMP,STAT1
SACM1L,HAPLN4
MDM1,TMEM125
ANKRD31,ZNF787
MRPL55,BEAN1
IVD,HYAL1
ITM2A,KANK3
C1orf141,SAT1
CD160,TBC1D2B
LRBA,RGL3
ECI2,SIX2
UNG,STXBP2
NUP107,GRM4
JADE1,CYYR1
SS18L2,LOC441268
ZNF566,PTGFRN
TMEM261,TESK1
DIMT1,ATP6V0D1
GPX8,TIFA
HMGB1,SCUBE1
MTMR7,CD70
DNAJC9,TDRD7
MARCKSL1,RHOBTB3
RPL4,KLK10
PRSS23,MCU
SKAP1,SNX13
QDPR,CPEB4
C9orf153,KCP
KIFAP3,RNF208
POP5,DACH1
CCDC65,SIX3
NDE1,EEF1A2
PKIG,PLEKHG2
HMGN1,GPC1
WDPCP,LCE3A
FAF1,PODXL2
WDR55,MTMR10
CD22,LINC01561
EBP,FGF17
RASGRP2,CTF1
DOCK9,CCDC27
TBX21,ZNF516
TMCO6,CCDC109B
MRPL3,PCDHA13
SYTL1,RAB31
RBM8A,CFL1
GPD1L,MCPH1
LOC102724208,KLF14
AGK,PBX3
HM13,ATP11C
BPNT1,TBC1D2
IL26,FAM13A
LYRM7,ARL8B
HFM1,KRTAP5-8
USP5,HAPLN3
PPIL2,DCTN3
C20orf197,ME2
GCNT4,KRT83
MFSD2A,FCER1G
C15orf41,BEST1
NDUFAB1,ARHGAP18
STT3A,LOC401357
SPATA18,TNFAIP8L3
RPL32,IDNK
XRCC3,NR1I2
MSH2,KRT13
VPS72,CCP110
CCR7,TMEM144
C11orf80,DMRTA2
SLC25A38,SECTM1
TBCC,IPMK
ZNF781,SNX16
DNM1L,G0S2
FARS2,PXK
SNORA14B,BMX
MPHOSPH9,GNA13
ZNF317,SMIM10L2A
TMEM241,ADGRF3
SLC40A1,FLVCR2
MYOM2,KISS1R
GOT1,PI3
DDX31,LAP3
DPP4,AATF
NUP205,SRGN
NID1,AP2M1
FCRLA,IFI16
SUV39H1,GAS6-AS1
ART4,TGM2
FBXO47,PTGFR
NAA30,PRSS3
FAM129C,NKIRAS1
NUP85,SRMS
ARHGEF12,FIG4
ZDHHC1,KCNK15
ABCB4,RNF151
ANGEL1,JUN
CH17-351M24.1,LPCAT2
GTF3A,IL17B
OTOGL,MT3
RPS25,PPP1R26
UBE3D,TAS1R3
KIF23,OMP
ACSF2,RBKS
ZNF337,MIR193A
MIR136,TSPAN9
PPIH,HIST1H3A
TRIM28,DKK3
CLRN3,MROH5
RASSF1,C1orf116
ZBTB24,CST4
ZNF573,PSMB2
ORAI1,KRTAP5-10
BNIP1,CARD6
EHMT2,HIST1H2AK
SMIM4,CLCN2
GPR174,LMTK3
NOB1,KRTAP4-2
BDH1,SLC25A37
CCDC86,APOL6
MSTN,S100P
CHORDC1,PRSS27
POLR1B,SELV
TXNL4B,HMX2
FAM76A,ELK3
LOC494141,RAB11FIP3
ZNF74,AREG
TP63,FAM162B
SCRN1,GBAS
STAT4,CLIP1
CPEB1,PFN1P2
OXNAD1,LILRA6
CACNA2D3,SLC25A40
SLC7A6OS,INSM2
NOLC1,IRX5
CCNB1IP1,C6orf25
GFRA2,NATD1
TAS2R13,VCAN
SRPRB,ANKRD13A
KBTBD6,PDCD1LG2
IL12RB2,PCBP1
KCNN4,OGFRL1
ABCF3,NFKBIB
FUOM,ERP29
C14orf169,TFAP2E
DCPS,PLB1
IPO7,RAB11A
PMM1,LOC729040
TBC1D32,ANKK1
TCF25,RTN4RL2
SFXN4,CLEC4D
KANSL3,RTP4
NDUFV1,PTGS2
NAT9,PTPRJ
SH2D1A,LOXL4
PNPLA7,DNAAF1
ING5,KRT8P41
PYHIN1,FAM20C
SLC38A1,ZNF267
UROS,CXorf21
DHRS3,ATXN7
RANGRF,DACT3
MTG1,C2CD4A
CTSF,SCYL3
FCRL5,GPRIN3
SAAL1,PANX3
KIAA0907,FAM110B
YIF1A,PTGER2
UNC119B,KY
CC2D2A,PCMT1
SDHAF2,C17orf105
NCAPD3,DPYS
DDX10,TGFA
PPIE,HHIPL1
BCHE,RAB5A
OPHN1,NRG2
C1orf220,ALDH1A3
PHF20,CD300E
RBM11,NXPH3
PI4KB,CA10
JADE2,SALL3
PAX5,SCD
GCDH,MAN1A1
NRG4,NKX2-5
FCRL6,PPAP2C
PCDH12,RRAGD
MRPL17,SIM2
ZNF451,MRGPRE
POLR3C,CLSTN3
SIGLEC10,C19orf80
DCT,NUB1
NDUFS6,LMO7DN
THADA,CELA2A
REG3A,UBE2D3
C4orf45,INSM1
METTL21A,LINC00083
TRPC2,PAM
CFAP47,STK32B
LY86,LOC100129940
SULT1E1,LRRK2
RNU6ATAC,PHLDA2
GPATCH11,LHFPL2
ENHO,HIF3A
CIAPIN1,ERCC6L2
MRPL57,CHRM1
COMMD7,ZNF189
DAD1,PTPRN
MRPL38,KRTAP1-4
FSCB,KRT77
AIMP2,DIRC2
ARRDC2,LOC403323
DPEP2,PIPSL
OR9I1,UROC1
LPL,TINCR
S100B,LOC729603
AFMID,A4GALT
DNAH8,PTPRU
SSX2IP,FZD9
C12orf60,OTX1
GNGT2,WNT9A
PMPCA,GH1
CS,SIRPA
MRPL40,WIPF1
MKS1,IGFBP4
EEFSEC,GALNS
WLS,PLXNA2
RINT1,LRG1
ZNF610,LRRTM3
DIS3L2,PLA2G12A
RBFOX1,TNP2
SLA2,IL4R
ADGRE5,COL4A3BP
C1orf54,MT1P3
SMC2,HEXDC
NCR3,LRRC4
ADD2,NRD1
SGCB,CD46
UPK3A,DNTTIP2
SLC2A1,TYROBP
OLIG1,VAMP4
PDCD11,IL17D
FDX1L,UPK1A-AS1
KLF8,SLC3A2
ADGRG5,CTSD
ZBED8,MAPK8IP2
DENND4A,WNT9B
C11orf58,TP53INP2
SCG3,PARL
OR10R2,MYLK3
YWHAZ,DHFRL1
HEMK1,MRPL14
HINFP,LILRB3
SPATA5L1,CRB2
GPLD1,AK4
CDK4,ZDHHC13
PELP1,RXFP3
TFAP4,RNF222
ADAT2,RHBDD3
EPHX1,LOC101929908
APBA1,ACTA1
C1QBP,LDLR
C3,NFIX
CRYM-AS1,KRTAP5-7
LIN28B,UBE2G1
RRP1,IDH1
PTPN18,OXTR
NOP14,EN2
AARS,SLC39A4
OR2B2,LRP10
CXCR5,CCNJ
CPB2,PRKAR1A
POLA2,VRK2
NFATC2IP,PLAT
TNPO3,HAND1
MRPS2,ATP2C1
MDGA2,CFAP74
ABCC4,CEP170B
LRRC19,PTP4A1
CCDC67,MNX1
ORC3,KIAA1614
NUP43,PDK3
OR5K1,LOC100130285
ACOT2,CBFB
LAX1,C1QC
MIRLET7G,NOL4
NCAPH2,SOST
CR2,GATA5
YIPF2,PTPN1
SNORA33,IGFN1
COQ4,KRTAP5-9
IFRD2,RHOG
GLMN,MAP4K3
CD24,PYGL
SNORA46,LIN7A
TAS2R4,SAMD9L
TSR1,IGLC1
GYPE,LPCAT3
Mar-09,PRSS29P
SEC13,IRF2BP2
FAH,C2orf57
ACTL7A,RAB1C
MRPL45,HGFAC
COQ10A,TMEM255B
EMG1,GNAQ
BUD31,PODXL
C10orf2,FLJ26245
IDI2,ARPC5
TMEM134,EXOC3L2
TPH1,C1D
FZD1,SPANXA2-OT1
ARHGAP32,B4GALNT3
BORCS5,PPP4C
PFKM,ADIPOR1
CENPL,RAC3
GSTA4,CD53
C15orf61,GTF2A1
POLR1A,PHF21B
MIR30D,TMBIM6
RAD50,ATP6V0E1
MOB1B,ATP6V1A
CEP85,CAB39L
CD1B,WNT11
DOPEY2,AP5B1
RNF40,FGFR1
CNTNAP4,CTXN1
CUL4A,PSMD10
CCNE2,CTBS
FCGBP,TMEM54
ICAM2,LRRC63
MRPS11,RBM47
RHOH,CLEC4GP1
MTSS1,ABCA7
PSME4,FGD4
NOL11,UBE2L6
LAGE3,RTP1
SNORD116-27,PGLYRP1
EIF3D,SDC1
METTL2B,ROPN1L
CCDC79,IGDCC4
THAP4,FOXI1
C12orf29,EPB41L5
TEX10,TMEM179
OPN3,GGT6
HMCES,ANXA5
MAGEB5,SLPI
CTNNBL1,ARHGEF11
CBX7,TCF4
PPIL1,ABHD17C
UTP15,NNMT
RBM3,GIMAP4
TOP3A,FXYD4
CAMKK1,SH3GL2
DUSP5P1,TPRXL
CCDC138,LAPTM4A
OARD1,FAR1
CD244,CCNA1
ADA,HLA-L
RUVBL1,PABPC3
APOH,OR5C1
AGBL3,H2BFM
GFRAL,C17orf99
VASP,MMP25
TRNAU1AP,LTBP4
LSG1,ADRA2C
NUP93,TOPAZ1
PGP,GPRIN2
SLC25A12,AMN
ZNF682,MNDA
NELL2,NFIL3
SCARNA6,MBTPS1
DDX28,UBE2B
RNASET2,UBE2Q1
URB1,TMEM121
ZNF726,SULT1B1
MERTK,SLC2A4
AKR7A2,MFAP3
WDR82,GPR37L1
CFHR1,LOC100132731
SNORD114-6,SUSD2
MIR200A,SDC2
GPA33,RBFOX3
ICE2,GPR148
DBT,GSR
AGTR2,DDIAS
MXI1,SLC4A11
FAM179B,IER2
MRPL24,TINAGL1
QIQN5815,HBS1L
ILKAP,SLURP1
HIST3H2A,LCN1
ZWILCH,SP110
RNU6-75P,SNUPN
CSPP1,LILRA3
RPIA,CD59
WDR48,SP3P
VSIG1,LOC101928841
FAM35A,MIR30C2
WRN,CITED2
OR56A3,CYBB
ALKBH8,GCGR
TIMM13,FAM47B
SIRT3,LOC646813
ZNF287,ASPH
MTCH1,CLEC6A
MALT1,HTR1E
OR1L3,SSFA2
PPM1L,DNAH6
C6orf165,XRN2
LIG1,ADORA2A-AS1
NARS2,ZIC2
ADAL,SNRK
PUS7,KCNIP3
FANCM,PRX
ZNF860,TP73-AS1
MCM3,KDM7A
CDKL4,CAMK2D
HSD17B8,SLC6A9
NDUFA4,PPP2R5B
FGG,KRTAP5-1
MAPKAPK5-AS1,NGB
MCMDC2,MLLT4-AS1
PPEF1,LILRA2
TXN2,LRRC26
SLC35F2,IGSF6
CNBD1,DYRK1A
WEE1,SLITRK4
S100G,LCN12
RSAD1,ZDHHC2
UBAP2,RLIM
TMEM211,FOXC2
MIRLET7E,TTC36
DYRK2,ZNRF2P1
PRADC1,USP25
SCARNA23,PKD2L1
CD300LF,CCNO
UBE2T,KLHDC7B
TP53TG1,ADAM10
COLGALT2,BRICD5
CLTCL1,IQCE
DNPH1,ZNF24
MAPRE1,GJD4
ASB2,SLC22A4
SULT2A1,GALNT3
PAGE2,SMIM10
TRIM65,KLF3-AS1
PRPSAP2,PIAS4
SNORD63,EVI2B
BNC2,ERLEC1
OR5T3,MOSPD2
WDR72,CENPM
PLCG1,CPT1A
SLC12A2,ENPP2
SNORD8,JARID2
BZW2,LOC399900
TACR3,SRD5A1
POLR1E,ABCA1
PIH1D2,PDZD8
CCDC88C,HIST2H4B
TSPYL2,HIST2H4A
VARS,EME2
TMEM42,JAK2
CAD,ADAMTSL4-AS1
SLC4A10,ANXA2P2
MIR1-1,UBA3
MRO,RND2
SESN3,KRTAP10-9
C16orf74,RECQL4
ZNF780B,NRN1L
BACE2,GGTLC2
SLC25A6,HGF
APOC1,ENTPD8
MIR100,FCAR
PTGES,TREML4
RNF182,VAX2
PDE6C,COL22A1
RNU6-78P,RHBDF1
TTK,USHBP1
LINC00888,GBP5
IFNLR1,MNT
RPS19,EVC
YDJC,USP6NL
RPL10A,LIM2
MS4A2,RAX
EOMES,ABLIM3
DNASE1L3,VSTM2L
COMT,EGR1
SIGIRR,OGDHL
ICAM3,GALNT14
TYSND1,MIR147A
MIR495,ATP8B4
DARS2,MEGF9
IFT43,ATP1B3
SNORD114-3,SPSB1
MEAF6,NACC2
CFHR3,LPXN
SLC25A45,CHMP4B
C20orf173,C9orf172
PTPN6,KIAA0895L
IDH2,IRS2
MRPS18B,GNG5
PMM2,PKN3
SH2D2A,UHRF1BP1L
XCL2,ABCC8
SEC1P,KIAA2013
ZZZ3,UBE2V1
LAS1L,BATF
PTPN7,ROM1
MCOLN2,SYT12
LMNB2,ITGB4
LGSN,FAM83E
IPO4,ATG3
DDX53,SRPK3
POLL,C4orf50
ENPP5,CLIC4
LRRC25,MIR204
Sep-01,SLC26A1
ZNF827,TMEM180
WDR18,PRLH
TTC9,COL24A1
RBM24,TNIP1
SPO11,ATP4B
NUDT6,YIPF1
IL7R,PAFAH1B2
TMEM150A,CES2
EIF3K,BAGE
SACS,SLED1
FTMT,LOC101927789
PSMG3,PLEKHN1
C12orf45,OTUD7A
RASL11B,SORT1
CDCA8,LACTB
ATP5L,SLC16A7
RPP14,SPRR1B
PTPN13,HIAT1
RANGAP1,HIVEP2
PIK3C2B,MAGI1
RTN4IP1,IRAK4
NUDT16L1,HIST1H4D
LRRC2-AS1,KCNJ2
VWA8,TPRX1
NRIP2,ATG13
HSPA9,SLC6A3
UBAC1,KIAA1549
CHD6,KRT84
LDHD,PRR36
RRP15,SEPT5-GP1BB
CACNA1D,YPEL2
TRIM61,PRSS41
NUFIP1,CHD7
ETV5,FBXL19
PIK3IP1,KIAA2018
PITHD1,FAM163B
PKD2L2,OR10C1
DNAJA3,LY6G5C
DTD1,MAP6D1
LINC00216,MYRF
FLJ90680,LMNTD2
RASGRF1,C16orf59
FOXN3-AS2,HDAC7
PER3,SIRPD
POLE2,OCSTAMP
IFT88,SLC6A8
ESCO2,IL17A
RAB3D,KRT81
ZNF26,PRRG4
SLC25A33,NUDT9P1
HYLS1,GDF7
NAB2,C20orf181
TC2N,CCNY
MAP3K4,XAGE3
PASD1,NKX3-1
EFHC2,DENND5A
CCT6B,PTBP3
TMEM104,TNRC18
MYB,COQ10B
ARL4C,Sep-06
DDAH1,IFNAR2
PTCD2,LINC00896
CCNB1,MAGI3
DPCD,TMEM239
TM4SF18,GRINA
SLC1A5,COL1A1
C7orf72,RAB21
PRMT3,AIRE
OR7A5,GMPR2
PDRG1,BOLA3
SETBP1,POU3F3
TSPAN4,LIMK2
ENPP3,NKX6-3
OR1C1,CUL1
SCN7A,SNORA35
RPAP2,FBXL15
VMA21,LCN2
SORBS3,FBLN7
CASC1,CCNK
TCTN3,TMBIM4
PDXK,PRR14L
STPG2,GDE1
MIR129-2,BAZ2A
TTC5,BATF2
CDKN1C,TGFBR2
SIRT5,MAT2B
MED20,IL15RA
MIR153-1,MIR134
DYNC2LI1,PCDHA7
COPS4,RAPSN
FAM200A,HIST1H2AJ
NAA25,TSPAN11
AP3M2,PIK3AP1
ATP5G3,B3GNT5
SLC16A1,KIAA0232
NFKBIE,ELN
ZIM3,RNF103
NME3,BMP2K
CYP24A1,SRF
CMTM3,SHH
SLC4A7,SIX6
WDFY2,AP3B1
PTGDR,GPR119
ASTE1,SLC31A1
NUP188,ARHGAP5
RPS19BP1,VSX2
PSRC1,NMNAT2
TUBGCP4,CIR1
SEH1L,NPDC1
CD4,IL10RB
ENC1,TRIB1
TLR10,NFKBIZ
CSE1L,BRD7
PRKCZ,AVIL
NOM1,NXF1
ELP5,UNCX
OR6K3,TMEM151B
CLEC17A,SH2D5
CHD1L,CD38
CHEK2,CRLF1
SF3B5,PLIN1
MRPS35,LGALS8
UBASH3A,GALR3
TMEM14C,FAM219A
ZNF85,ARHGEF39
RBFA,ABO
NDST4,MIR504
USO1,SNX3
CLPTM1L,DTX4
C6orf52,WNT4
SCARNA5,PITX1
IL17RB,PTPRO
ABHD6,NEK8
BTNL3,LINC01165
ZNF408,HIST1H1D
IMMP1L,HIST3H3
TMEM120A,MIR142
KAT2A,FA2H
TTL,NLRP6
LSM4,NBPF22P
GOT2,FOXB2
ACSS3,AFF1
ELOVL2-AS1,MKRN9P
CALHM2,NYX
PLEKHA1,FKBP15
SNORA49,SLC37A1
LGALS3,EAF1
SPARC,BTG2
IL31,NINL
APTX,TSKU
CROT,NOXO1
C1orf112,SCAPER
TMEM133,CYP1A2
ZNF483,PPARD
TRAPPC5,OR3A4P
P4HA1,RNF186
CCT7,GDPD3
TATDN2,CHPF
TRIO,AGPAT3
ELAC2,CCL3
MMS22L,PSG6
SLC5A3,FGF22
FAHD2A,SLC25A20
TRAIP,LRRN4
CCDC134,CA4
DNAJC11,LOC338797
SLC38A11,EFNA2
SMARCB1,CGRRF1
CD300LB,LINC00687
TCF19,TAS1R2
GRAP,SPTBN5
CATSPERD,CHRM4
PIAS2,OVOL3
ATG4B,MXRA7
ZNF295-AS1,TNFRSF4
DENND4C,TAOK2
STARD8,OR2M5
MTAP,CD248
FREM3,ISM2
CD8A,LIG4
OR4F13P,EPHA1
TUBGCP5,MIR23A
ZPR1,NXNL1
TOMM20L,SPATS2L
STAP1,WNT7B
COPZ2,RHOU
MUC6,ECEL1
FAM207A,SMURF2
CTPS1,PSMB8
GPR22,MIR211
TMEM242,UBE2D1
NMT2,CPXM1
EXD2,GDPD1
TXNDC16,ITGAD
FAM46D,RAB11FIP5
SUMF1,QKI
SLC2A8,LAMC1
XRCC2,TCF15
C12orf66,PRR33
APOBEC1,GPR84
KIAA0513,FBRS
GTSF1L,ROBO1
CEBPA,SPRR2G
ICT1,EPWW6493
MIEN1,MLLT1
ZNF250,OXT
AWAT2,FOS
NPY5R,TLCD1
RNF133,SLC22A6
CCDC110,JOSD2
ANKRD16,MMP11
PKIA,CD36
FBXL4,STK39
PPIP5K1,ST20-AS1
RFT1,DOK7
TTLL12,BTN3A3
ENDOD1,MBD6
TRPV2,UBXN7-AS1
CCR6,LYPLA2
MDH2,FOXC1
HOMER2,VPS45
CD80,PTPRM
ACBD6,
CHIC1,
SCARNA8,
TARP,
DNMBP,
PPCDC,
RASA3,
SERPIND1,
MRPL15,
APEH,
LPPR4,
DSTYK,
SMARCA1,
SPDL1,
KLHL7,
GALNTL5,
MOBP,
DPH6,
ZBTB9,
DCAF4,
FAAP24,
TEX14,
CPSF4,
THEMIS,
ANAPC16,
RTN1,
TPD52L2,
ABI2,
SPINK14,
MRPL4,
MAD2L1BP,
ITK,
SMIM8,
SEPW1,
KLRC2,
PCCB,
CDK5R1,
CKS2,
PRO2949,
CATSPER1,
PEMT,
TFEB,
DPH7,
KCNJ13,
C5orf45,
TEX26,
SPATA6,
RFTN1,
THAP5P1,
CTAGE1,
BLK,
ANKH,
NAP1L1,
MIR222,
MIR148B,
TMED3,
GYG2,
RPS6KA6,
TP53BP1,
CHMP7,
RNF17,
RAD54L2,
TMC1,
HNRNPH1,
PLLP,
MIR98,
SLC37A2,
ETHE1,
PUS1,
RRN3,
SLC7A1,
ALG12,
DAP3,
LINC00314,
EEF1D,
IL2,
REXO2,
ADGRL4,
KCTD4,
SIDT1,
LGR4,
PTCH1,
TSN,
RTN3,
ARHGEF18,
PTTG3P,
DPP7,
C11orf70,
TSPYL1,
RN7SK,
ABLIM1,
LCK,
DDX56,
LDHAL6A,
RASAL3,
SNORD116-1,
FTSJ3,
NUBP2,
KCNAB2,
SUZ12P1,
RSPH1,
LGALS17A,
RGS12,
SP4,
NTS,
CD52,
GUCY2C,
HSH2D,
SPINT3,
ROBO3,
HNRNPL,
DGKG,
UCKL1,
UBAC2,
RACGAP1P,
MEP1A,
NKAPP1,
SPTY2D1,
MRI1,
CDC25A,
DAGLA,
DCUN1D4,
C1orf109,
LOC148696,
B4GALT7,
USP53,
SF3B3,
MSANTD2,
SNRNP25,
SYNE2,
BRMS1L,
RP1,
SMARCC2,
IGIP,
HGSNAT,
RPS5,
BTK,
CCDC167,
ASPA,
MRRF,
C10orf120,
NSUN5,
LMNA,
RPUSD2,
GABRG1,
C16orf58,
NDUFS3,
PPIA,
RPS6KA2,
FAM118A,
LARS2,
NGRN,
CD28,
TMEM126A,
SNAI3,
B3GALNT2,
RIC3,
TBCB,
SGCA,
KCNK18,
S100A7L2,
UQCRC1,
OR10X1,
NCALD,
LRRC31,
KCND2,
KCTD6,
GSDMC,
PCDHB4,
ULK4,
FKBP7,
FBXO36,
DNAH7,
COX14,
ECI1,
SIGLEC17P,
MIPEP,
CSTF1,
ZNF623,
RNH1,
CDIP1,
KLRC1,
ZNF112,
E2F5,
PDGFRB,
CD5,
TRIM38,
ACTR1B,
RANBP3L,
AMOT,
RAB32,
DDX49,
IP6K1,
LRFN2,
INPP5D,
MYOZ2,
HAUS8,
LPPR1,
MMS19,
KIAA1024L,
CTSZ,
RPS15A,
DYNC1H1,
TPI1,
ZAP70,
PCAT4,
RBP7,
ZKSCAN8,
KLHDC3,
ARHGAP6,
SLC18B1,
AP1M1,
CD109,
NOC3L,
RPE,
PLEKHG7,
CAMK2G,
HERC1,
SFRP4,
DUSP6,
DZANK1,
ZNF436-AS1,
RNF125,
APEX1,
GZMH,
DR1,
TTC6,
FAM9C,
SLC1A4,
ZNHIT1,
NXPE1,
ADCK3,
SLC9A3R1,
TEX37,
ABCF2,
AGBL4,
UBE2E2,
ZFP41,
SIT1,
GEMIN7,
EPB41L4A-AS1,
GPR55,
ATRAID,
SLC25A42,
SPOCK3,
ERI3,
PDZD4,
PLK4,
ROR1,
TLL1,
NAP1L3,
FMNL3,
MKRN2,
MIR323A,
PAN3,
CD200,
SRSF6,
SHMT2,
INPP1,
TDRD10,
OR6C76,
CCDC58,
APPL1,
OSTN,
SNORA65,
MYLIP,
WDR89,
ATP6V0E2,
OGDH,
HSD17B7P2,
METTL8,
CTDSP1,
C20orf27,
AGMO,
PARK7,
UNC5C,
DLST,
ADGRG6,
ALG5,
WDR35,
CCT2,
MIR124-3,
RNF157,
PNRC2,
DNAJB5,
KRT36,
MCM6,
ANAPC11,
FAM219B,
C9orf84,
FAN1,
ABRACL,
IL6R,
VPS36,
TTC21A,
HAVCR1,
OR9A4,
LARGE,
FMO2,
NUFIP2,
TMEM81,
RANBP1,
ZNF563,
LACE1,
HADH,
AKR1A1,
SOAT1,
IL5RA,
CALR,
MIR331,
VKORC1,
SNORD115-2,
ELAVL1,
EPB41L4A,
PHPT1,
SH3D19,
F9,
OR4A15,
LOC100134868,
FAM167A,
PPA2,
RFC4,
FSHR,
FAM60A,
PRPF4,
TAGLN2,
TIAM2,
ERBB2,
PRMT9,
GFOD1,
IMPACT,
POGK,
LEF1,
C12orf40,
KDM1A,
SLC7A13,
WBP1L,
DIAPH1,
LOC645261,
NPY1R,
DEPDC4,
ERCC6L,
MYO1H,
CD40LG,
EID3,
DDX54,
TRMT2B,
MIR26A2,
HINT2,
DNAJB6,
G2E3,
CD3EAP,
TRAPPC2,
GGTA1P,
NDST3,
ZC3HAV1L,
TNFAIP8L1,
TMEM257,
IFNA21,
NR1D2,
DET1,
PDGFD,
GALNT12,
LOC100132099,
THG1L,
TDRKH,
